<?xml version='1.0' encoding='UTF-8'?>
<customers>
<customer><id>1</id><first_name>Patsy</first_name><last_name>Hammerich</last_name><email>phammerich0@moonfruit.com</email><gender>Female</gender><car>Opel</car><job>Human Resources Manager</job><favourite_film >Thriller</favourite_film ></customer><customer><id>2</id><first_name>Laughton</first_name><last_name>Antonich</last_name><email>lantonich1@ucla.edu</email><gender>Male</gender><car>Opel</car><job>Clinical Specialist</job><favourite_film >Drama</favourite_film ></customer><customer><id>3</id><first_name>Vito</first_name><last_name>Copner</last_name><email>vcopner2@symantec.com</email><gender>Male</gender><car>Renault</car><job>Safety Technician III</job><favourite_film >Thriller</favourite_film ></customer><customer><id>4</id><first_name>Derry</first_name><last_name>Sutherden</last_name><email>dsutherden3@examiner.com</email><gender>Male</gender><car>Renault</car><job>Account Representative I</job><favourite_film >Thriller</favourite_film ></customer><customer><id>5</id><first_name>Nerta</first_name><last_name>Bumphries</last_name><email>nbumphries4@list-manage.com</email><gender>Female</gender><car>Mazda</car><job>VP Quality Control</job><favourite_film >Comedy</favourite_film ></customer><customer><id>6</id><first_name>Mariam</first_name><last_name>Canning</last_name><email>mcanning5@gov.uk</email><gender>Female</gender><car>Opel</car><job>Media Manager II</job><favourite_film >Thriller</favourite_film ></customer><customer><id>7</id><first_name>Vickie</first_name><last_name>Ludee</last_name><email>vludee6@facebook.com</email><gender>Female</gender><car>Renault</car><job>Senior Cost Accountant</job><favourite_film >Drama</favourite_film ></customer><customer><id>8</id><first_name>Rois</first_name><last_name>Gamet</last_name><email>rgamet7@rambler.ru</email><gender>Female</gender><car>Renault</car><job>Accounting Assistant I</job><favourite_film >Thriller</favourite_film ></customer><customer><id>9</id><first_name>Colan</first_name><last_name>Flucker</last_name><email>cflucker8@stanford.edu</email><gender>Male</gender><car>Renault</car><job>Graphic Designer</job><favourite_film >Drama</favourite_film ></customer><customer><id>10</id><first_name>Geno</first_name><last_name>Paolotto</last_name><email>gpaolotto9@qq.com</email><gender>Male</gender><car>Renault</car><job>Programmer Analyst III</job><favourite_film >Thriller</favourite_film ></customer><customer><id>11</id><first_name>Guillermo</first_name><last_name>Carmo</last_name><email>gcarmoa@dropbox.com</email><gender>Male</gender><car>Renault</car><job>Senior Financial Analyst</job><favourite_film >Comedy</favourite_film ></customer><customer><id>12</id><first_name>Emogene</first_name><last_name>Kyston</last_name><email>ekystonb@bravesites.com</email><gender>Female</gender><car>Ford</car><job>Actuary</job><favourite_film >Comedy</favourite_film ></customer><customer><id>13</id><first_name>Lorie</first_name><last_name>Kelso</last_name><email>lkelsoc@discovery.com</email><gender>Female</gender><car>Opel</car><job>Recruiting Manager</job><favourite_film >Comedy</favourite_film ></customer><customer><id>14</id><first_name>Jae</first_name><last_name>Hestrop</last_name><email>jhestropd@answers.com</email><gender>Male</gender><car>Renault</car><job>VP Quality Control</job><favourite_film >Drama</favourite_film ></customer><customer><id>15</id><first_name>Hubert</first_name><last_name>Sibbald</last_name><email>hsibbalde@bloglines.com</email><gender>Male</gender><car>Renault</car><job>Recruiting Manager</job><favourite_film >Thriller</favourite_film ></customer><customer><id>16</id><first_name>Vassily</first_name><last_name>Ivanchin</last_name><email>vivanchinf@phoca.cz</email><gender>Male</gender><car>Renault</car><job>Analog Circuit Design manager</job><favourite_film >Drama</favourite_film ></customer><customer><id>17</id><first_name>Jarrod</first_name><last_name>Woolfenden</last_name><email>jwoolfendeng@apache.org</email><gender>Male</gender><car>Opel</car><job>Statistician IV</job><favourite_film >Romance</favourite_film ></customer><customer><id>18</id><first_name>Gilles</first_name><last_name>Truckett</last_name><email>gtrucketth@mlb.com</email><gender>Male</gender><car>Renault</car><job>Analyst Programmer</job><favourite_film >Thriller</favourite_film ></customer><customer><id>19</id><first_name>Germayne</first_name><last_name>Blooman</last_name><email>gbloomani@discuz.net</email><gender>Male</gender><car>Renault</car><job>VP Quality Control</job><favourite_film >Thriller</favourite_film ></customer><customer><id>20</id><first_name>Lishe</first_name><last_name>Molineux</last_name><email>lmolineuxj@prnewswire.com</email><gender>Female</gender><car>Opel</car><job>Financial Analyst</job><favourite_film >Thriller</favourite_film ></customer></customers>