<?xml version="1.0" encoding="UTF-8"?>
<plan-zajec typ="N" id="12432" idcel="-443" nazwa="Paliwoda-Pękosz Grażyna, dr hab." od="2019-10-05" do="2019-10-19"><okres od="2019-10-05" do="2019-10-19" nazwa="2019-10-05 do 2019-10-19" wybrany="tak"/><okres od="2019-09-18" do="2020-02-20" nazwa="2019-09-18 do 2020-02-20"/><okres od="2019-02-18" do="2019-09-30" nazwa="2019-02-18 do 2019-09-30"/><okres od="2018-09-29" do="2019-02-17" nazwa="2018-09-29 do 2019-02-17"/><zajecia><termin>2019-10-08</termin><dzien>Wt</dzien><od-godz>13:15</od-godz><do-godz>14:45 (2g.)</do-godz><przedmiot>Technologie informacyjne</przedmiot><typ>ćwiczenia</typ><sala>Paw.A 09 lab. Win8, Office16</sala><grupa>WEDIS1-1111</grupa></zajecia><zajecia><termin>2019-10-08</termin><dzien>Wt</dzien><od-godz>15:00</od-godz><do-godz>16:30 (2g.)</do-godz><przedmiot>Technologie informacyjne</przedmiot><typ>ćwiczenia</typ><sala>Paw.A 115 lab. Win8, Office16</sala><grupa>WEDIS1-1112</grupa></zajecia><zajecia><termin>2019-10-09</termin><dzien>Śr</dzien><od-godz>09:45</od-godz><do-godz>11:15 (2g.)</do-godz><przedmiot>Technologie informacyjne</przedmiot><typ>ćwiczenia</typ><sala>Paw.A 09 lab. Win8, Office16</sala><grupa>WEDIS1-1111</grupa></zajecia><zajecia><termin>2019-10-09</termin><dzien>Śr</dzien><od-godz>11:30</od-godz><do-godz>13:00 (2g.)</do-godz><przedmiot>Technologie informacyjne</przedmiot><typ>ćwiczenia</typ><sala>Paw.A 09 lab. Win8, Office16</sala><grupa>WEDIS1-1112</grupa></zajecia><zajecia><termin>2019-10-12</termin><dzien>Sb</dzien><od-godz>08:45</od-godz><do-godz>11:15 (3g.)</do-godz><przedmiot>Elektroniczna wymiana danych</przedmiot><typ>wykład</typ><sala>Paw.D sala 3</sala><grupa>WZISN1-1111, WZISN1-1112</grupa></zajecia><zajecia><termin>2019-10-12</termin><dzien>Sb</dzien><od-godz>11:30</od-godz><do-godz>14:00 (3g.)</do-godz><przedmiot>Elektroniczna wymiana danych</przedmiot><typ>ćwiczenia</typ><sala>Paw.A 115 lab. Win8, Office16</sala><grupa>WZISN1-1111</grupa></zajecia><zajecia><termin>2019-10-12</termin><dzien>Sb</dzien><od-godz>14:00</od-godz><do-godz>16:30 (3g.)</do-godz><przedmiot>Elektroniczna wymiana danych</przedmiot><typ>ćwiczenia</typ><sala>Paw.A 115 lab. Win8, Office16</sala><grupa>WZISN1-1112</grupa></zajecia><zajecia><termin>2019-10-13</termin><dzien>Nd</dzien><od-godz>10:30</od-godz><do-godz>13:00 (3g.)</do-godz><przedmiot>Metody metaheurystyczne</przedmiot><typ>wykład</typ><sala>Paw.D sala 5</sala><grupa>WZISN2-2311IS</grupa></zajecia><zajecia><termin>2019-10-13</termin><dzien>Nd</dzien><od-godz>13:15</od-godz><do-godz>15:45 (3g.)</do-godz><przedmiot>Metody metaheurystyczne</przedmiot><typ>ćwiczenia</typ><sala>Paw.A 121 lab. Vista, Office10</sala><grupa>WZISN2-2311IS</grupa></zajecia></plan-zajec>
