{
	"plan-zajec": {
		"okres": [
			{
				"_od": "2019-10-05",
				"_do": "2019-10-19",
				"_nazwa": "2019-10-05 do 2019-10-19",
				"_wybrany": "tak"
			},
			{
				"_od": "2019-09-18",
				"_do": "2020-02-20",
				"_nazwa": "2019-09-18 do 2020-02-20"
			},
			{
				"_od": "2019-02-18",
				"_do": "2019-09-30",
				"_nazwa": "2019-02-18 do 2019-09-30"
			},
			{
				"_od": "2018-09-29",
				"_do": "2019-02-17",
				"_nazwa": "2018-09-29 do 2019-02-17"
			}
		],
		"zajecia": [
			{
				"termin": "2019-10-08",
				"dzien": "Wt",
				"od-godz": "13:15",
				"do-godz": "14:45 (2g.)",
				"przedmiot": "Technologie informacyjne",
				"typ": "ćwiczenia",
				"sala": "Paw.A 09 lab. Win8, Office16",
				"grupa": "WEDIS1-1111"
			},
			{
				"termin": "2019-10-08",
				"dzien": "Wt",
				"od-godz": "15:00",
				"do-godz": "16:30 (2g.)",
				"przedmiot": "Technologie informacyjne",
				"typ": "ćwiczenia",
				"sala": "Paw.A 115 lab. Win8, Office16",
				"grupa": "WEDIS1-1112"
			},
			{
				"termin": "2019-10-09",
				"dzien": "Śr",
				"od-godz": "09:45",
				"do-godz": "11:15 (2g.)",
				"przedmiot": "Technologie informacyjne",
				"typ": "ćwiczenia",
				"sala": "Paw.A 09 lab. Win8, Office16",
				"grupa": "WEDIS1-1111"
			},
			{
				"termin": "2019-10-09",
				"dzien": "Śr",
				"od-godz": "11:30",
				"do-godz": "13:00 (2g.)",
				"przedmiot": "Technologie informacyjne",
				"typ": "ćwiczenia",
				"sala": "Paw.A 09 lab. Win8, Office16",
				"grupa": "WEDIS1-1112"
			},
			{
				"termin": "2019-10-12",
				"dzien": "Sb",
				"od-godz": "08:45",
				"do-godz": "11:15 (3g.)",
				"przedmiot": "Elektroniczna wymiana danych",
				"typ": "wykład",
				"sala": "Paw.D sala 3",
				"grupa": "WZISN1-1111, WZISN1-1112"
			},
			{
				"termin": "2019-10-12",
				"dzien": "Sb",
				"od-godz": "11:30",
				"do-godz": "14:00 (3g.)",
				"przedmiot": "Elektroniczna wymiana danych",
				"typ": "ćwiczenia",
				"sala": "Paw.A 115 lab. Win8, Office16",
				"grupa": "WZISN1-1111"
			},
			{
				"termin": "2019-10-12",
				"dzien": "Sb",
				"od-godz": "14:00",
				"do-godz": "16:30 (3g.)",
				"przedmiot": "Elektroniczna wymiana danych",
				"typ": "ćwiczenia",
				"sala": "Paw.A 115 lab. Win8, Office16",
				"grupa": "WZISN1-1112"
			},
			{
				"termin": "2019-10-13",
				"dzien": "Nd",
				"od-godz": "10:30",
				"do-godz": "13:00 (3g.)",
				"przedmiot": "Metody metaheurystyczne",
				"typ": "wykład",
				"sala": "Paw.D sala 5",
				"grupa": "WZISN2-2311IS"
			},
			{
				"termin": "2019-10-13",
				"dzien": "Nd",
				"od-godz": "13:15",
				"do-godz": "15:45 (3g.)",
				"przedmiot": "Metody metaheurystyczne",
				"typ": "ćwiczenia",
				"sala": "Paw.A 121 lab. Vista, Office10",
				"grupa": "WZISN2-2311IS"
			}
		],
		"_typ": "N",
		"_id": "12432",
		"_idcel": "-443",
		"_nazwa": "Paliwoda-Pękosz Grażyna, dr hab.",
		"_od": "2019-10-05",
		"_do": "2019-10-19"
	}
}