<?xml version="1.0" encoding="utf-8" ?>
<ShoppingList>
	<meat>
		<product>
			<name>ham</name>
			<quantity unit="kg">0.5</quantity>
		</product>
	</meat>
	<vegetables>
		<product>
			<name>green beans</name>
			<quantity unit="kg">1</quantity>
		</product>
		<product>
			<name>potatoes</name>
			<quantity unit="kg">2</quantity>
		</product>	
	</vegetables>
	<dairy>
		<product>
			<name>cheese</name>
			<quantity unit="kg">0.2</quantity>
		</product>
		<product>
			<name>eggs</name>
			<quantity unit="pcs">10</quantity>
		</product>
	</dairy>
</ShoppingList>
